INSERT INTO languages VALUES
('Korean', 'KOR'),
('Japanese', 'JPN'),
('English', 'ENG'),
('Chinese', 'CHI');

INSERT INTO country VALUES
('South Korea', 'KOR'),
('Japan', 'JPN'),
('United States of America', 'USA'),
('China', 'CHN');

INSERT INTO company VALUES
('S.M. Entertainment', 'Lee Soo-man', 246100000, 'KOR'),
('JYP Entertainment', 'J.Y. Park', 43700000, 'KOR'),
('FNC Entertainment', 'Han Seong-ho', 32038000000, 'KOR'),
('CJ E&M', 'Kim Sung-soo', 1.640000000, 'KOR'),
('Rainbow Bridge World', NULL, NULL, 'KOR'),
('YMC Entertainment', 'Cho Yoo-myung', NULL, 'KOR'),
('YG Entertainment', 'Yang Hyun-suk', 150000000, 'KOR'),
('LOEN Entertainment', 'Shin Won-soo', 323000000000, 'KOR'),
('StarShip Entertainment', 'Kim Si-dae', NULL, 'KOR');

INSERT INTO song VALUES
('Girls'' Generation', 'Girls'' Generation', 'Girls'' Generation',
'KOR', interval '00:03:50', date('2007-11-01'), NULL, TRUE, 'K-pop', TRUE),
('Baby Baby', 'Girls'' Generation', 'Girls'' Generation',
'KOR', interval '00:03:11', date('2008-03-13'), NULL, TRUE, 'K-pop', TRUE),
('Complete', 'Girls'' Generation', 'Girls'' Generation',
'KOR', interval '00:03:56', date('2007-11-01'), NULL, FALSE, 'K-pop', FALSE),
('Ooh La-La!', 'Girls'' Generation', 'Girls'' Generation',
'KOR', interval '00:03:54', date('2007-11-01'), NULL, FALSE, 'K-pop', FALSE),
('Kissing You', 'Girls'' Generation', 'Girls'' Generation',
'KOR', interval '00:03:18', date('2008-01-13'), NULL, TRUE, 'K-pop', TRUE),
('Merry-Go-Round', 'Girls'' Generation', 'Girls'' Generation',
'KOR', interval '00:03:14', date('2007-11-01'), NULL, FALSE, 'K-pop', FALSE),
('Into the New World', 'Girls'' Generation', 'Girls'' Generation',
'KOR', interval '00:04:25', date('2007-08-02'), NULL, TRUE, 'K-pop', TRUE),
('I Got a Boy', 'I Got a Boy', 'Girls'' Generation', 'KOR', 
interval '00:04:31', date('01-01-2013'), 1354672, TRUE, 'Bubblegum Pop', True),
('Dancing Queen', 'I Got a Boy', 'Girls'' Generation', 'KOR',
interval '00:03:35', date('2012-12-21'), 580428, TRUE, 'Soul', TRUE),
('Baby Maybe', 'I Got a Boy', 'Girls'' Generation', 'KOR', 
interval '00:03:43', date('01-01-2013'), NULL, FALSE, 'K-pop', TRUE),
('Talk Talk', 'I Got a Boy', 'Girls'' Generation', 'KOR', 
interval '00:02:46', date('01-01-2013'), NULL, FALSE, 'K-pop', FALSE),
('Promise', 'I Got a Boy', 'Girls'' Generation', 'KOR', 
interval '00:03:15', DATE('01-01-2013'), NULL, FALSE, 'Ballad', FALSE),
('Express 999', 'I Got a Boy', 'Girls'' Generation', 'KOR', 
interval '00:03:27', date('01-01-2013'), NULL, FALSE, 'K-pop', FALSE),
('Lost In Love', 'I Got a Boy', 'Girls'' Generation', 'KOR',
interval '00:04:00', date('01-01-2013'), NULL, FALSE, 'Ballad', FALSE),
('Look at Me', 'I Got a Boy', 'Girls'' Generation', 'KOR', 
interval '00:03:01', date('01-01-2013'), NULL, FALSE, 'K-pop', FALSE),
('XYZ', 'I Got a Boy', 'Girls'' Generation', 'KOR',
interval '00:03:15', date('01-01-2013'), NULL, FALSE, 'K-pop', FALSE),
('Romantic St.', 'I Got a Boy', 'Girls'' Generation', 'KOR',
interval '00:04:00', date('01-01-2013'), NULL, FALSE, 'K-pop', FALSE),
('The Boys', 'The Boys', 'Girls'' Generation', 'KOR',
interval '00:03:48', date('2011-10-19'), 3032658, TRUE, 'Electropop', TRUE),
('Telepathy', 'The Boys', 'Girls'' Generation', 'KOR',
interval '00:03:45', date('2011-10-19'), NULL, FALSE, 'K-pop', FALSE),
('Say Yes', 'The Boys', 'Girls'' Generation', 'KOR', 
interval '00:03:46', date('2011-10-19'), NULL, FALSE, 'K-pop', TRUE),
('Trick', 'The Boys', 'Girls'' Generation', 'KOR',
interval '00:03:15', date('2011-10-19'), NULL, FALSE, 'K-pop', FALSE),
('How Great Is Your Love', 'The Boys', 'Girls'' Generation', 'KOR',
interval '00:03:54', date('2011-10-19'), NULL, FALSE, 'K-pop', FALSE),
('The Boys (English)', 'The Boys', 'Girls'' Generation', 'ENG',
interval '00:3:47', date('2011-10-19'), NULL, FALSE, 'Electropop', TRUE),
('Mr. Taxi (Korean)', 'The Boys', 'Girls'' Generation', 'KOR',
interval '00:3:32', date('2011-12-08'), 1533525, TRUE, 'Electropop', TRUE),
('Blue/Tree Frog', 'Psy 6 (Six Rules), Part 1', 'PSY', 'KOR',
interval '00:03:27', date('2012-07-15'), NULL, FALSE, 'Hip Hop', FALSE),
('Passionate Goodbye', 'Psy 6 (Six Rules), Part 1', 'PSY', 'KOR',
interval '00:03:28', date('2012-07-15'), NULL, FALSE, 'K-pop', FALSE),
('Gangnam Style', 'Psy 6 (Six Rules), Part 1', 'PSY', 'KOR',
interval '00:03:39', date('2012-07-15'), 3900000, TRUE, 'Hip Hop', TRUE),
('Year of 77', 'Psy 6 (Six Rules), Part 1', 'PSY', 'KOR',
interval '00:04:39', date('2012-07-15'), NULL, FALSE, 'Hip Hop', FALSE),
('What Would Have Been?', 'Psy 6 (Six Rules), Part 1', 'PSY', 'KOR',
interval '00:04:03', date('2012-07-15'), NULL, FALSE, 'Hip Hop', FALSE),
('Never Say Goodbye', 'Psy 6 (Six Rules), Part 1', 'PSY', 'KOR',
interval '00:03:21', date('2012-07-15'), NULL, FALSE, 'K-pop', FALSE),
('Coup D''Etat', 'Coup D''Etat', 'G-Dragon', 'KOR', 
interval '00:02:58', date('2013-09-02'), NULL, TRUE, 'Hip Hop', TRUE),
('MichiGO', 'Coup D''Etat', 'G-Dragon', 'KOR', 
interval '00:3:28', date('2013-04-20'), 287998, TRUE, 'Electro-hop', TRUE),
('Niliria', 'Coup D''Etat', 'G-Dragon', 'KOR', 
interval '00:2:52', date('2013-09-02'), NULL, TRUE, 'Hip Hop', FALSE),
('R.O.D.', 'Coup D''Etat', 'G-Dragon', 'KOR', 
interval '00:3:56', date('2013-09-02'), NULL, FALSE, 'Hip Hop', FALSE),
('Black', 'Coup D''Etat', 'G-Dragon', 'KOR', 
interval '00:3:23', date('2013-09-02'), NULL, FALSE, 'K-pop', FALSE),
('Who You?', 'Coup D''Etat', 'G-Dragon', 'KOR', 
interval '00:3:21', date('2013-11-13'), NULL, TRUE, 'K-pop', TRUE),
('Shake the World', 'Coup D''Etat', 'G-Dragon', 'KOR', 
interval '00:2:55', date('2013-09-02'), NULL, FALSE, 'Hip Hop', FALSE),
('Crooked', 'Coup D''Etat', 'G-Dragon', 'KOR', 
interval '00:3:45', date('2013-09-05'), NULL, TRUE, 'K-pop', TRUE),
('Mr. Taxi', 'Girls'' Generation (Japanese)', 'Girls'' Generation', 'JPN',
interval '00:3:32', date('2011-04-23'), 786115, TRUE, 'Electropop', TRUE),
('Run Devil Run', 'Girls'' Generation (Japanese)', 'Girls'' Generation', 'JPN',
interval '00:3:21', date('2011-04-23'), 2171755, TRUE, 'Electropop', TRUE),
('You-aholic', 'Girls'' Generation (Japanese)', 'Girls'' Generation', 'JPN',
interval '00:3:29', date('2011-06-01'), NULL, FALSE, 'K-pop', FALSE),
('Devil', 'Devil', 'Super Junior', 'KOR', 
interval '00:3:36', date('2015-07-16'), NULL, TRUE, 'K-pop', TRUE),
('Simply Beautiful', 'Devil', 'Super Junior', 'KOR', 
interval '00:4:03', date('2015-07-16'), NULL, FALSE, 'K-pop', FALSE),
('Turtle', 'Mystic Ballad', 'Davichi', 'KOR',
interval '00:3:44', date('2013-03-03'), NULL, TRUE, 'K-pop', TRUE),
('Toy', 'Blooming Period', 'Block B', 'KOR', 
interval '00:03:27', date('2016-04-10'), null, TRUE, 'K-pop', TRUE),
('Talk Love', 'Descendants of the Sun', 'K.Will', 'KOR', 
interval '00:03:37', date('2016-03-17'), null, TRUE, 'Ballad', TRUE),
('This Love', 'Amaranth', 'Davichi','KOR', 
interval '00:03:49', date('2016-03-02'), null, TRUE, 'Ballad', TRUE),
('You''re the Best', 'Melting', 'Mamamoo', 'KOR', 
interval '00:03:52', date('2016-02-25'), null, TRUE, 'K-pop', TRUE),
('You''re So Fine', 'BLUEMING', 'CNBLUE', 'KOR', 
interval '00:03:52', date('2016-04-03'), null, TRUE, 'K-pop', TRUE);

INSERT INTO likes VALUES
('Ian', 'Gangnam Style', 'Psy 6 (Six Rules), Part 1', 'PSY'),
('Fred Durst', 'Gangnam Style', 'Psy 6 (Six Rules), Part 1', 'PSY'),
('Ian', 'The Boys', 'The Boys', 'Girls'' Generation'),
('Ian', 'I Got a Boy', 'I Got a Boy', 'Girls'' Generation'),
('Fred Durst', 'Say Yes', 'The Boys', 'Girls'' Generation'),
('yichen', 'Coup D''Etat', 'Coup D''Etat', 'G-Dragon'),
('yichen', 'MichiGO', 'Coup D''Etat', 'G-Dragon'),
('yichen', 'Niliria', 'Coup D''Etat', 'G-Dragon'),
('yichen', 'R.O.D.', 'Coup D''Etat', 'G-Dragon'),
('yichen', 'Black', 'Coup D''Etat', 'G-Dragon'),
('yichen', 'Who You?', 'Coup D''Etat', 'G-Dragon'),
('yichen', 'Shake the World', 'Coup D''Etat', 'G-Dragon'),
('yichen', 'Crooked', 'Coup D''Etat', 'G-Dragon'),
('annie', 'Turtle', 'Mystic Ballad', 'Davichi'),
('Ian', 'Niliria', 'Coup D''Etat', 'G-Dragon');

INSERT INTO producer VALUES
('Teddy Riley', date('1967-10-08')),
('STY', NULL),
('busbee', NULL),
('Alex James', NULL),
('Kalle Engstrom', NULL),
('Diplo', date('1978-11-10')),
('Baauer', date('1989-04-30')),
('Ham Seung-cheon', NULL),
('Kang Wook-jin', NULL),
('PSY', date('1977-12-31')),
('Yoo Gun-hyung', NULL),
('Yang Hyun-suk', date('1969-01-02'));

INSERT INTO produces VALUES
('Teddy Riley', 'The Boys', 'The Boys', 'Girls'' Generation'),
('STY', 'Mr. Taxi', 'Girls'' Generation (Japanese)', 'Girls'' Generation'),
('busbee', 'Run Devil Run', 'Girls'' Generation (Japanese)', 'Girls'' Generation'),
('Alex James', 'Run Devil Run', 'Girls'' Generation (Japanese)', 'Girls'' Generation'),
('Kalle Engstrom', 'Run Devil Run', 'Girls'' Generation (Japanese)', 'Girls'' Generation'),
('Diplo', 'Coup D''Etat', 'Coup D''Etat', 'G-Dragon'),
('Baauer', 'Coup D''Etat', 'Coup D''Etat', 'G-Dragon'),
('Teddy Riley', 'R.O.D.', 'Coup D''Etat', 'G-Dragon'),
('Ham Seung-cheon', 'MichiGO', 'Coup D''Etat', 'G-Dragon'),
('Kang Wook-jin', 'MichiGO', 'Coup D''Etat', 'G-Dragon'),
('PSY', 'Gangnam Style', 'Psy 6 (Six Rules), Part 1', 'PSY'),
('Yoo Gun-hyung', 'Gangnam Style', 'Psy 6 (Six Rules), Part 1', 'PSY'),
('Yang Hyun-suk', 'Gangnam Style', 'Psy 6 (Six Rules), Part 1', 'PSY');

